mean_cwsi,median_cwsi,p90_cwsi,pct_area_stressed,std_cwsi,n_pixels,row,col,patch_id,mean_ndvi,date
0.4837283492088318,0.487590491771698,0.8754613399505615,0.482421875,0.2780000567436218,1024,0,0,0,0.14993168413639069,2025-SeasonA-Day0
0.4813821613788605,0.4692993462085724,0.8719508051872253,0.46875,0.27934154868125916,1024,0,32,1,0.1497385948896408,2025-SeasonA-Day0
0.48179835081100464,0.4807162284851074,0.8684958815574646,0.4765625,0.2770576477050781,1024,0,64,2,0.15145890414714813,2025-SeasonA-Day0
0.47348660230636597,0.4738248586654663,0.8669732809066772,0.466796875,0.28080686926841736,1024,0,96,3,0.1526290476322174,2025-SeasonA-Day0
0.4767986536026001,0.4767730236053467,0.8689526915550232,0.458984375,0.27632856369018555,1024,0,128,4,0.15186263620853424,2025-SeasonA-Day0
0.49470648169517517,0.5017004609107971,0.8534726500511169,0.5029296875,0.27261021733283997,1024,0,160,5,0.1540268361568451,2025-SeasonA-Day0
0.49173685908317566,0.4882221817970276,0.8984774947166443,0.482421875,0.28165411949157715,1024,0,192,6,0.15181517601013184,2025-SeasonA-Day0
0.4792115092277527,0.4744361639022827,0.8701221942901611,0.4619140625,0.2734205424785614,1024,0,224,7,0.15330767631530762,2025-SeasonA-Day0
0.4959344267845154,0.4903777837753296,0.8933047652244568,0.4912109375,0.2784137427806854,1024,32,0,8,0.15512597560882568,2025-SeasonA-Day0
0.4948084354400635,0.5036933422088623,0.8982994556427002,0.5087890625,0.28329819440841675,1024,32,32,9,0.14862662553787231,2025-SeasonA-Day0
0.480657696723938,0.47138410806655884,0.8821361660957336,0.4619140625,0.2816646695137024,1024,32,64,10,0.15196847915649414,2025-SeasonA-Day0
0.48645198345184326,0.48273125290870667,0.8630347847938538,0.4716796875,0.2743784189224243,1024,32,96,11,0.15363073348999023,2025-SeasonA-Day0
0.4728843569755554,0.47401899099349976,0.8694078326225281,0.46875,0.2808449864387512,1024,32,128,12,0.15226757526397705,2025-SeasonA-Day0
0.4727657437324524,0.4716453552246094,0.8418807983398438,0.4658203125,0.271356463432312,1024,32,160,13,0.15072496235370636,2025-SeasonA-Day0
0.4797397255897522,0.47939208149909973,0.8561787009239197,0.4716796875,0.27275970578193665,1024,32,192,14,0.154524028301239,2025-SeasonA-Day0
0.4961532950401306,0.4839814305305481,0.8942105174064636,0.4814453125,0.27942219376564026,1024,32,224,15,0.1516515612602234,2025-SeasonA-Day0
0.48368000984191895,0.47950515151023865,0.8879095315933228,0.470703125,0.27957120537757874,1024,64,0,16,0.1543359011411667,2025-SeasonA-Day0
0.47758984565734863,0.47923409938812256,0.8480154871940613,0.474609375,0.26775243878364563,1024,64,32,17,0.1521030068397522,2025-SeasonA-Day0
0.5052666664123535,0.5015650987625122,0.9117137789726257,0.5029296875,0.28923600912094116,1024,64,64,18,0.15425513684749603,2025-SeasonA-Day0
0.48183995485305786,0.48391926288604736,0.8656613826751709,0.478515625,0.2723683714866638,1024,64,96,19,0.15314127504825592,2025-SeasonA-Day0
0.4672197997570038,0.46182912588119507,0.8446933627128601,0.45703125,0.2788892090320587,1024,64,128,20,0.15082573890686035,2025-SeasonA-Day0
0.4869996905326843,0.4773855209350586,0.8884203433990479,0.47265625,0.28115952014923096,1024,64,160,21,0.15288197994232178,2025-SeasonA-Day0
0.48427438735961914,0.48864006996154785,0.86647629737854,0.4814453125,0.27885639667510986,1024,64,192,22,0.15245497226715088,2025-SeasonA-Day0
0.4669049382209778,0.4607407748699188,0.8232051730155945,0.4423828125,0.2707267105579376,1024,64,224,23,0.1548377275466919,2025-SeasonA-Day0
0.47024890780448914,0.4745420813560486,0.870182991027832,0.4638671875,0.27597057819366455,1024,96,0,24,0.15344703197479248,2025-SeasonA-Day0
0.4711475372314453,0.468064546585083,0.8470168113708496,0.4521484375,0.2777056396007538,1024,96,32,25,0.1538417935371399,2025-SeasonA-Day0
0.4925897419452667,0.495952308177948,0.8986771702766418,0.494140625,0.28429827094078064,1024,96,64,26,0.15414738655090332,2025-SeasonA-Day0
0.49263036251068115,0.4853494465351105,0.8920614123344421,0.48046875,0.27795350551605225,1024,96,96,27,0.15225163102149963,2025-SeasonA-Day0
0.48583129048347473,0.48705410957336426,0.8655115962028503,0.482421875,0.27674174308776855,1024,96,128,28,0.15450412034988403,2025-SeasonA-Day0
0.4886094033718109,0.4891703128814697,0.866569995880127,0.48828125,0.28023380041122437,1024,96,160,29,0.1519221067428589,2025-SeasonA-Day0
0.47610098123550415,0.4682588577270508,0.8924144506454468,0.455078125,0.2781713008880615,1024,96,192,30,0.15175287425518036,2025-SeasonA-Day0
0.4823656678199768,0.4820883870124817,0.8513452410697937,0.4892578125,0.2742348909378052,1024,96,224,31,0.15288333594799042,2025-SeasonA-Day0
0.48640310764312744,0.48213738203048706,0.857104480266571,0.4765625,0.27122247219085693,1024,128,0,32,0.15095658600330353,2025-SeasonA-Day0
0.4705996513366699,0.47062671184539795,0.8462952971458435,0.458984375,0.27410686016082764,1024,128,32,33,0.1529874950647354,2025-SeasonA-Day0
0.4883500337600708,0.48545968532562256,0.8736483454704285,0.4833984375,0.2770882546901703,1024,128,64,34,0.1538759022951126,2025-SeasonA-Day0
0.4775928556919098,0.48317837715148926,0.8862354755401611,0.4765625,0.2792559564113617,1024,128,96,35,0.15284758806228638,2025-SeasonA-Day0
0.48768824338912964,0.4892963767051697,0.85283362865448,0.486328125,0.2752951383590698,1024,128,128,36,0.1517372876405716,2025-SeasonA-Day0
0.474176287651062,0.47227829694747925,0.8586700558662415,0.4619140625,0.27260780334472656,1024,128,160,37,0.15198010206222534,2025-SeasonA-Day0
0.4725072681903839,0.4564064145088196,0.8746241927146912,0.4501953125,0.28014636039733887,1024,128,192,38,0.15493127703666687,2025-SeasonA-Day0
0.5027356147766113,0.5038949251174927,0.8873436450958252,0.50390625,0.2816953957080841,1024,128,224,39,0.1483854353427887,2025-SeasonA-Day0
0.4892365634441376,0.4929026961326599,0.8718841075897217,0.4873046875,0.27994075417518616,1024,160,0,40,0.1527952253818512,2025-SeasonA-Day0
0.47103190422058105,0.4603176712989807,0.8505358099937439,0.4609375,0.2738247513771057,1024,160,32,41,0.1503533124923706,2025-SeasonA-Day0
0.4660870432853699,0.4663383960723877,0.8632098436355591,0.46484375,0.28198322653770447,1024,160,64,42,0.15221469104290009,2025-SeasonA-Day0
0.48560428619384766,0.48447656631469727,0.87809818983078,0.48046875,0.27821189165115356,1024,160,96,43,0.14986753463745117,2025-SeasonA-Day0
0.482344388961792,0.47489798069000244,0.8843176960945129,0.47265625,0.28170067071914673,1024,160,128,44,0.15232247114181519,2025-SeasonA-Day0
0.479798823595047,0.4836462140083313,0.8641737699508667,0.470703125,0.27570515871047974,1024,160,160,45,0.15298442542552948,2025-SeasonA-Day0
0.4877892732620239,0.49077266454696655,0.8512167930603027,0.4853515625,0.27076220512390137,1024,160,192,46,0.1520422250032425,2025-SeasonA-Day0
0.4927290081977844,0.48904338479042053,0.8749251365661621,0.486328125,0.2759711444377899,1024,160,224,47,0.15393389761447906,2025-SeasonA-Day0
0.4761044383049011,0.4738149046897888,0.8560171723365784,0.4736328125,0.27760517597198486,1024,192,0,48,0.15277394652366638,2025-SeasonA-Day0
0.48433348536491394,0.47829514741897583,0.8784229159355164,0.474609375,0.276652455329895,1024,192,32,49,0.15286923944950104,2025-SeasonA-Day0
0.4844892621040344,0.48387181758880615,0.8628281354904175,0.4775390625,0.27352777123451233,1024,192,64,50,0.15371647477149963,2025-SeasonA-Day0
0.48810744285583496,0.4777357578277588,0.8906964659690857,0.4736328125,0.2822107970714569,1024,192,96,51,0.1554630845785141,2025-SeasonA-Day0
0.4838154911994934,0.47318536043167114,0.8881936073303223,0.46875,0.27952998876571655,1024,192,128,52,0.1518634855747223,2025-SeasonA-Day0
0.490336537361145,0.4912951588630676,0.8757268786430359,0.4873046875,0.2785845100879669,1024,192,160,53,0.15305058658123016,2025-SeasonA-Day0
0.49125659465789795,0.501495897769928,0.8708599805831909,0.5029296875,0.2766890525817871,1024,192,192,54,0.15204069018363953,2025-SeasonA-Day0
0.4917638301849365,0.4918658435344696,0.893481969833374,0.4892578125,0.2809760272502899,1024,192,224,55,0.1529397815465927,2025-SeasonA-Day0
0.48174384236335754,0.47797560691833496,0.8811845779418945,0.4775390625,0.2833218574523926,1024,224,0,56,0.14942945539951324,2025-SeasonA-Day0
0.4685512185096741,0.47824883460998535,0.8329707384109497,0.470703125,0.27024325728416443,1024,224,32,57,0.1547183245420456,2025-SeasonA-Day0
0.47235116362571716,0.4625178575515747,0.8586746454238892,0.4482421875,0.27733591198921204,1024,224,64,58,0.1536894142627716,2025-SeasonA-Day0
0.4871395230293274,0.4836937189102173,0.8907245993614197,0.46875,0.27912530303001404,1024,224,96,59,0.15014956891536713,2025-SeasonA-Day0
0.4797120690345764,0.482265830039978,0.8696410655975342,0.4794921875,0.2747204303741455,1024,224,128,60,0.15278035402297974,2025-SeasonA-Day0
0.48092684149742126,0.4814472496509552,0.8674280643463135,0.4697265625,0.27238044142723083,1024,224,160,61,0.15136496722698212,2025-SeasonA-Day0
0.48111075162887573,0.4764455556869507,0.8800590634346008,0.4716796875,0.2817005515098572,1024,224,192,62,0.15263155102729797,2025-SeasonA-Day0
0.4746980667114258,0.4739910364151001,0.8710888028144836,0.46875,0.2802770733833313,1024,224,224,63,0.1517782211303711,2025-SeasonA-Day0
0.4962215721607208,0.49553000926971436,0.8847891688346863,0.49609375,0.27724897861480713,1024,0,0,0,0.3208085596561432,2025-SeasonA-Day1
0.5006521344184875,0.5044236183166504,0.8748394846916199,0.5068359375,0.2730370759963989,1024,0,32,1,0.32086074352264404,2025-SeasonA-Day1
0.49518710374832153,0.4956066310405731,0.8859502673149109,0.4892578125,0.2753758728504181,1024,0,64,2,0.3223881125450134,2025-SeasonA-Day1
0.5050275325775146,0.5141772031784058,0.8771872520446777,0.515625,0.27957528829574585,1024,0,96,3,0.32534387707710266,2025-SeasonA-Day1
0.4840231239795685,0.4826143682003021,0.8737737536430359,0.4775390625,0.27367910742759705,1024,0,128,4,0.32378023862838745,2025-SeasonA-Day1
0.4898914694786072,0.48092198371887207,0.8911625742912292,0.470703125,0.27378717064857483,1024,0,160,5,0.3233599066734314,2025-SeasonA-Day1
0.48432689905166626,0.48192524909973145,0.8627817630767822,0.470703125,0.27423375844955444,1024,0,192,6,0.32240229845046997,2025-SeasonA-Day1
0.48860907554626465,0.4823915362358093,0.8770836591720581,0.474609375,0.27538612484931946,1024,0,224,7,0.3220611810684204,2025-SeasonA-Day1
0.4997655153274536,0.4976424276828766,0.888229250907898,0.4970703125,0.2805560231208801,1024,32,0,8,0.3230881094932556,2025-SeasonA-Day1
0.4960717558860779,0.48973336815834045,0.8886879086494446,0.490234375,0.2776402235031128,1024,32,32,9,0.32196640968322754,2025-SeasonA-Day1
0.5007538795471191,0.503206729888916,0.8813775777816772,0.50390625,0.28138673305511475,1024,32,64,10,0.3239215016365051,2025-SeasonA-Day1
0.5013750195503235,0.4933863878250122,0.8848950266838074,0.494140625,0.2708892822265625,1024,32,96,11,0.32582753896713257,2025-SeasonA-Day1
0.48066994547843933,0.4765236973762512,0.8705930709838867,0.46875,0.2778688371181488,1024,32,128,12,0.323631227016449,2025-SeasonA-Day1
0.4924471974372864,0.4909806251525879,0.8860117793083191,0.484375,0.27506449818611145,1024,32,160,13,0.32443875074386597,2025-SeasonA-Day1
0.4871048927307129,0.4932005703449249,0.8737505078315735,0.4912109375,0.27834352850914,1024,32,192,14,0.3237094283103943,2025-SeasonA-Day1
0.48344361782073975,0.4737536311149597,0.8816537261009216,0.4560546875,0.27197331190109253,1024,32,224,15,0.3232653737068176,2025-SeasonA-Day1
0.49048373103141785,0.480599582195282,0.8865277767181396,0.4736328125,0.2758316099643707,1024,64,0,16,0.32232666015625,2025-SeasonA-Day1
0.4999362826347351,0.50026535987854,0.9105795621871948,0.501953125,0.2819192409515381,1024,64,32,17,0.3206973969936371,2025-SeasonA-Day1
0.4910927414894104,0.49166548252105713,0.9001480937004089,0.4853515625,0.27380967140197754,1024,64,64,18,0.32395100593566895,2025-SeasonA-Day1
0.498971164226532,0.49989885091781616,0.8987610936164856,0.4990234375,0.2809118330478668,1024,64,96,19,0.3218998908996582,2025-SeasonA-Day1
0.5090495347976685,0.5038789510726929,0.9039067625999451,0.5029296875,0.27288299798965454,1024,64,128,20,0.32217341661453247,2025-SeasonA-Day1
0.5028939247131348,0.4989704489707947,0.897484540939331,0.4990234375,0.277434766292572,1024,64,160,21,0.32374483346939087,2025-SeasonA-Day1
0.5114545822143555,0.5155116319656372,0.879244863986969,0.5224609375,0.2689697742462158,1024,64,192,22,0.3243498206138611,2025-SeasonA-Day1
0.49639469385147095,0.4890022873878479,0.8822696208953857,0.4931640625,0.2747335731983185,1024,64,224,23,0.3223523497581482,2025-SeasonA-Day1
0.49899280071258545,0.49628525972366333,0.8870168328285217,0.494140625,0.272725909948349,1024,96,0,24,0.32014718651771545,2025-SeasonA-Day1
0.4903537631034851,0.493838906288147,0.8799246549606323,0.4951171875,0.2834588289260864,1024,96,32,25,0.3221445679664612,2025-SeasonA-Day1
0.5040887594223022,0.505333662033081,0.8783401846885681,0.5107421875,0.26941969990730286,1024,96,64,26,0.323860764503479,2025-SeasonA-Day1
0.502280592918396,0.5084646344184875,0.8863371014595032,0.5146484375,0.271850049495697,1024,96,96,27,0.3227100372314453,2025-SeasonA-Day1
0.5012484788894653,0.504056453704834,0.8745479583740234,0.5107421875,0.2658325731754303,1024,96,128,28,0.32424551248550415,2025-SeasonA-Day1
0.5093796849250793,0.51458740234375,0.9016838669776917,0.515625,0.2766924202442169,1024,96,160,29,0.32395491003990173,2025-SeasonA-Day1
0.5042946934700012,0.5069060921669006,0.8898743391036987,0.5107421875,0.2754916548728943,1024,96,192,30,0.3218216896057129,2025-SeasonA-Day1
0.4914606809616089,0.49381834268569946,0.8892802000045776,0.4921875,0.27714553475379944,1024,96,224,31,0.3236047923564911,2025-SeasonA-Day1
0.4938334822654724,0.5051602125167847,0.8805590867996216,0.513671875,0.2761790454387665,1024,128,0,32,0.3239019513130188,2025-SeasonA-Day1
0.5035157203674316,0.49850547313690186,0.8881197571754456,0.4990234375,0.2768946886062622,1024,128,32,33,0.32308530807495117,2025-SeasonA-Day1
0.4991438388824463,0.5036441087722778,0.8932302594184875,0.5068359375,0.27883481979370117,1024,128,64,34,0.32341378927230835,2025-SeasonA-Day1
0.49659180641174316,0.49371811747550964,0.8778026700019836,0.4931640625,0.27269089221954346,1024,128,96,35,0.3209046721458435,2025-SeasonA-Day1
0.49620920419692993,0.49705010652542114,0.8950342535972595,0.494140625,0.2785065770149231,1024,128,128,36,0.32092195749282837,2025-SeasonA-Day1
0.49893903732299805,0.49406152963638306,0.8831718564033508,0.4921875,0.27517446875572205,1024,128,160,37,0.32485440373420715,2025-SeasonA-Day1
0.5124379396438599,0.502639651298523,0.9210967421531677,0.5048828125,0.27682435512542725,1024,128,192,38,0.32241496443748474,2025-SeasonA-Day1
0.4869929254055023,0.47779881954193115,0.8933089971542358,0.4736328125,0.28217530250549316,1024,128,224,39,0.32391157746315,2025-SeasonA-Day1
0.4872967600822449,0.5004001259803772,0.8398933410644531,0.5009765625,0.26552045345306396,1024,160,0,40,0.32443928718566895,2025-SeasonA-Day1
0.4837285280227661,0.4784887433052063,0.877433717250824,0.4677734375,0.2788301706314087,1024,160,32,41,0.32266655564308167,2025-SeasonA-Day1
0.4890046715736389,0.4930640459060669,0.8962481617927551,0.4912109375,0.2814825475215912,1024,160,64,42,0.32221904397010803,2025-SeasonA-Day1
0.48810720443725586,0.4870416522026062,0.8796262741088867,0.4853515625,0.2812364101409912,1024,160,96,43,0.3229140639305115,2025-SeasonA-Day1
0.49313974380493164,0.4943128228187561,0.8844857811927795,0.4951171875,0.2751471698284149,1024,160,128,44,0.3270944356918335,2025-SeasonA-Day1
0.49148914217948914,0.49098727107048035,0.9037075042724609,0.494140625,0.28774338960647583,1024,160,160,45,0.3220318853855133,2025-SeasonA-Day1
0.5028762817382812,0.5063129663467407,0.85721755027771,0.5107421875,0.2703583836555481,1024,160,192,46,0.3223154544830322,2025-SeasonA-Day1
0.5060878992080688,0.5053358674049377,0.9063689708709717,0.5048828125,0.2740456461906433,1024,160,224,47,0.3213537335395813,2025-SeasonA-Day1
0.5017576813697815,0.5032960176467896,0.8823592066764832,0.5048828125,0.27360716462135315,1024,192,0,48,0.3258967399597168,2025-SeasonA-Day1
0.4913317561149597,0.4875141978263855,0.8680267930030823,0.482421875,0.2719087600708008,1024,192,32,49,0.3217878043651581,2025-SeasonA-Day1
0.49596482515335083,0.5011688470840454,0.8837103247642517,0.501953125,0.2812238037586212,1024,192,64,50,0.3243744373321533,2025-SeasonA-Day1
0.5090147256851196,0.5122369527816772,0.8875533938407898,0.51953125,0.272808700799942,1024,192,96,51,0.3240480422973633,2025-SeasonA-Day1
0.49663588404655457,0.49434733390808105,0.9007614850997925,0.490234375,0.27991431951522827,1024,192,128,52,0.32404518127441406,2025-SeasonA-Day1
0.49696147441864014,0.4919099807739258,0.8808225393295288,0.4931640625,0.2745896279811859,1024,192,160,53,0.32283976674079895,2025-SeasonA-Day1
0.4965303838253021,0.4975956678390503,0.8849193453788757,0.4912109375,0.2766837775707245,1024,192,192,54,0.32424354553222656,2025-SeasonA-Day1
0.4912708103656769,0.4870932698249817,0.9044973254203796,0.4853515625,0.2835668623447418,1024,192,224,55,0.32357659935951233,2025-SeasonA-Day1
0.4861820340156555,0.48651519417762756,0.8762130737304688,0.48828125,0.2816568613052368,1024,224,0,56,0.3244510293006897,2025-SeasonA-Day1
0.5017379522323608,0.5014790296554565,0.8793734908103943,0.50390625,0.2748963534832001,1024,224,32,57,0.3279169201850891,2025-SeasonA-Day1
0.48687440156936646,0.47742247581481934,0.8924012184143066,0.4697265625,0.28276538848876953,1024,224,64,58,0.32410570979118347,2025-SeasonA-Day1
0.48915135860443115,0.4769071340560913,0.9040483832359314,0.478515625,0.28856614232063293,1024,224,96,59,0.3218299448490143,2025-SeasonA-Day1
0.478850394487381,0.47885021567344666,0.8656816482543945,0.466796875,0.2732278108596802,1024,224,128,60,0.32779163122177124,2025-SeasonA-Day1
0.4944700598716736,0.5009340047836304,0.8858956098556519,0.5009765625,0.28013214468955994,1024,224,160,61,0.3235594630241394,2025-SeasonA-Day1
0.4983709454536438,0.49230635166168213,0.8838396072387695,0.4921875,0.27352553606033325,1024,224,192,62,0.32235100865364075,2025-SeasonA-Day1
0.513468325138092,0.5206570029258728,0.8853097558021545,0.5322265625,0.2713908553123474,1024,224,224,63,0.32271045446395874,2025-SeasonA-Day1
0.5079027414321899,0.49903935194015503,0.9034583568572998,0.4970703125,0.2784706950187683,1024,0,0,0,0.537030816078186,2025-SeasonA-Day2
0.49400579929351807,0.48774096369743347,0.882112443447113,0.48046875,0.2744244337081909,1024,0,32,1,0.5373055934906006,2025-SeasonA-Day2
0.5026094913482666,0.5077475309371948,0.8815627694129944,0.5078125,0.2792437970638275,1024,0,64,2,0.5383396744728088,2025-SeasonA-Day2
0.511932909488678,0.5158936977386475,0.9172739386558533,0.5185546875,0.2804645597934723,1024,0,96,3,0.5344544649124146,2025-SeasonA-Day2
0.5023707747459412,0.5010061860084534,0.8896283507347107,0.5029296875,0.2778093218803406,1024,0,128,4,0.5355027914047241,2025-SeasonA-Day2
0.5074012279510498,0.503285825252533,0.8964231610298157,0.5068359375,0.2784211039543152,1024,0,160,5,0.534453272819519,2025-SeasonA-Day2
0.50521320104599,0.5018823146820068,0.9152329564094543,0.5029296875,0.2845954895019531,1024,0,192,6,0.5332562923431396,2025-SeasonA-Day2
0.4887286424636841,0.48058223724365234,0.8950054049491882,0.4794921875,0.28112855553627014,1024,0,224,7,0.5326498746871948,2025-SeasonA-Day2
0.5066393613815308,0.5105191469192505,0.8912084698677063,0.515625,0.27531206607818604,1024,32,0,8,0.534320056438446,2025-SeasonA-Day2
0.4971010386943817,0.4976043701171875,0.8877241611480713,0.4931640625,0.27698788046836853,1024,32,32,9,0.5365903973579407,2025-SeasonA-Day2
0.4920485019683838,0.4876076877117157,0.8852387070655823,0.4833984375,0.2816227972507477,1024,32,64,10,0.5340976119041443,2025-SeasonA-Day2
0.5018861293792725,0.5018739700317383,0.9112792611122131,0.501953125,0.2869826853275299,1024,32,96,11,0.5337962508201599,2025-SeasonA-Day2
0.5057523846626282,0.517200767993927,0.8876338005065918,0.515625,0.27747592329978943,1024,32,128,12,0.5352880954742432,2025-SeasonA-Day2
0.4968739449977875,0.4871588349342346,0.904502272605896,0.486328125,0.27952995896339417,1024,32,160,13,0.5356652736663818,2025-SeasonA-Day2
0.4953352212905884,0.48781818151474,0.8964150547981262,0.4833984375,0.2790428698062897,1024,32,192,14,0.5338711738586426,2025-SeasonA-Day2
0.500662088394165,0.5006368160247803,0.8642585873603821,0.5009765625,0.2659921646118164,1024,32,224,15,0.5347527861595154,2025-SeasonA-Day2
0.4895918369293213,0.4888392388820648,0.8695867657661438,0.48828125,0.27648478746414185,1024,64,0,16,0.5356172323226929,2025-SeasonA-Day2
0.4988556504249573,0.4959961771965027,0.8725559115409851,0.4951171875,0.2721194624900818,1024,64,32,17,0.5352751016616821,2025-SeasonA-Day2
0.5059053897857666,0.4988221228122711,0.9119774699211121,0.494140625,0.2777380347251892,1024,64,64,18,0.5388845205307007,2025-SeasonA-Day2
0.5000760555267334,0.504403293132782,0.8745490908622742,0.501953125,0.27123311161994934,1024,64,96,19,0.5379291772842407,2025-SeasonA-Day2
0.5192359089851379,0.5180525183677673,0.9159714579582214,0.5244140625,0.27485764026641846,1024,64,128,20,0.5379939675331116,2025-SeasonA-Day2
0.5025091767311096,0.5006542801856995,0.9088095426559448,0.501953125,0.2792866826057434,1024,64,160,21,0.5359035730361938,2025-SeasonA-Day2
0.5223424434661865,0.5278597474098206,0.9054705500602722,0.5478515625,0.27646422386169434,1024,64,192,22,0.5352146625518799,2025-SeasonA-Day2
0.509099006652832,0.5164684057235718,0.8970171809196472,0.5244140625,0.2818622291088104,1024,64,224,23,0.5365119576454163,2025-SeasonA-Day2
0.5036203861236572,0.5087469816207886,0.8973709344863892,0.5107421875,0.2786436975002289,1024,96,0,24,0.5360821485519409,2025-SeasonA-Day2
0.5065691471099854,0.5040348768234253,0.9089223146438599,0.505859375,0.2813799977302551,1024,96,32,25,0.5359137058258057,2025-SeasonA-Day2
0.514250636100769,0.5195188522338867,0.9115237593650818,0.525390625,0.2843410074710846,1024,96,64,26,0.5359464287757874,2025-SeasonA-Day2
0.5060107707977295,0.506257176399231,0.8840816020965576,0.505859375,0.27292877435684204,1024,96,96,27,0.5348189473152161,2025-SeasonA-Day2
0.5162120461463928,0.522962749004364,0.9214293956756592,0.5283203125,0.2870508134365082,1024,96,128,28,0.5343574285507202,2025-SeasonA-Day2
0.508086085319519,0.5101916193962097,0.9082503914833069,0.51171875,0.2813780605792999,1024,96,160,29,0.5357826948165894,2025-SeasonA-Day2
0.5053988695144653,0.5041122436523438,0.9041103720664978,0.501953125,0.2817939817905426,1024,96,192,30,0.5351278781890869,2025-SeasonA-Day2
0.4797845184803009,0.47157275676727295,0.8598259687423706,0.4638671875,0.2839660942554474,1024,96,224,31,0.5360665321350098,2025-SeasonA-Day2
0.5000020265579224,0.5014336705207825,0.9141750931739807,0.5009765625,0.28642407059669495,1024,128,0,32,0.5353144407272339,2025-SeasonA-Day2
0.49082237482070923,0.474990576505661,0.8747692108154297,0.4765625,0.28056657314300537,1024,128,32,33,0.536020040512085,2025-SeasonA-Day2
0.5250094532966614,0.5244201421737671,0.9331914186477661,0.5234375,0.2828829288482666,1024,128,64,34,0.5362160205841064,2025-SeasonA-Day2
0.5047215223312378,0.5027239918708801,0.9095289707183838,0.5068359375,0.2808530032634735,1024,128,96,35,0.5357916951179504,2025-SeasonA-Day2
0.5082711577415466,0.500414252281189,0.8880519866943359,0.5009765625,0.27520015835762024,1024,128,128,36,0.5365327000617981,2025-SeasonA-Day2
0.49606308341026306,0.4931858777999878,0.8865474462509155,0.490234375,0.2831447422504425,1024,128,160,37,0.5338708162307739,2025-SeasonA-Day2
0.5143765807151794,0.5110918879508972,0.9148699641227722,0.5224609375,0.2814668118953705,1024,128,192,38,0.5362166166305542,2025-SeasonA-Day2
0.49905771017074585,0.484866201877594,0.8778989911079407,0.482421875,0.27581116557121277,1024,128,224,39,0.5351835489273071,2025-SeasonA-Day2
0.5143648386001587,0.5180505514144897,0.9292241334915161,0.5283203125,0.2889377772808075,1024,160,0,40,0.5352428555488586,2025-SeasonA-Day2
0.4988291263580322,0.5001470446586609,0.9007604122161865,0.5,0.2824946939945221,1024,160,32,41,0.5325791835784912,2025-SeasonA-Day2
0.49219614267349243,0.4862900376319885,0.8874627947807312,0.48828125,0.2799875736236572,1024,160,64,42,0.5358133316040039,2025-SeasonA-Day2
0.5025898218154907,0.4979698061943054,0.9020442962646484,0.49609375,0.2822495698928833,1024,160,96,43,0.5334972739219666,2025-SeasonA-Day2
0.4979264736175537,0.49596938490867615,0.9074157476425171,0.4912109375,0.2801474928855896,1024,160,128,44,0.536178469657898,2025-SeasonA-Day2
0.5000280141830444,0.5087563991546631,0.8875521421432495,0.513671875,0.28006020188331604,1024,160,160,45,0.5369758605957031,2025-SeasonA-Day2
0.5036160945892334,0.5108403563499451,0.8951284289360046,0.5146484375,0.27564680576324463,1024,160,192,46,0.5375845432281494,2025-SeasonA-Day2
0.4975058436393738,0.49737465381622314,0.8855636715888977,0.498046875,0.2778569757938385,1024,160,224,47,0.5351316928863525,2025-SeasonA-Day2
0.4923816919326782,0.4967578053474426,0.8705053925514221,0.4931640625,0.2816867530345917,1024,192,0,48,0.5351481437683105,2025-SeasonA-Day2
0.5005803108215332,0.5101578235626221,0.8865823149681091,0.5185546875,0.2774260640144348,1024,192,32,49,0.5349855422973633,2025-SeasonA-Day2
0.49838680028915405,0.49065446853637695,0.8855156898498535,0.490234375,0.2733864188194275,1024,192,64,50,0.5383850336074829,2025-SeasonA-Day2
0.4913787841796875,0.4910474419593811,0.8867508172988892,0.4873046875,0.2786315977573395,1024,192,96,51,0.5371042490005493,2025-SeasonA-Day2
0.4986014664173126,0.5010690689086914,0.8909573554992676,0.501953125,0.2774137854576111,1024,192,128,52,0.5356923937797546,2025-SeasonA-Day2
0.5042169690132141,0.5122422575950623,0.8680151104927063,0.5185546875,0.27216652035713196,1024,192,160,53,0.5377708077430725,2025-SeasonA-Day2
0.4998829960823059,0.5023414492607117,0.8773624897003174,0.50390625,0.2774740159511566,1024,192,192,54,0.537448525428772,2025-SeasonA-Day2
0.4997292160987854,0.5039321184158325,0.8770700097084045,0.505859375,0.2717198431491852,1024,192,224,55,0.5343101024627686,2025-SeasonA-Day2
0.5120435953140259,0.5167973041534424,0.8891235589981079,0.5234375,0.2770043611526489,1024,224,0,56,0.5364877581596375,2025-SeasonA-Day2
0.5035801529884338,0.5017679929733276,0.8924160003662109,0.5009765625,0.2813774347305298,1024,224,32,57,0.5383503437042236,2025-SeasonA-Day2
0.5186853408813477,0.5195082426071167,0.9130556583404541,0.52734375,0.27713051438331604,1024,224,64,58,0.5355918407440186,2025-SeasonA-Day2
0.5131588578224182,0.5134166479110718,0.907278835773468,0.5234375,0.277193158864975,1024,224,96,59,0.5345107316970825,2025-SeasonA-Day2
0.509650468826294,0.5074030756950378,0.9127431511878967,0.51171875,0.275346040725708,1024,224,128,60,0.534765362739563,2025-SeasonA-Day2
0.5029668807983398,0.5004113912582397,0.9178064465522766,0.5029296875,0.28496670722961426,1024,224,160,61,0.534964919090271,2025-SeasonA-Day2
0.5160117149353027,0.524064302444458,0.8981315493583679,0.53125,0.27752211689949036,1024,224,192,62,0.5342241525650024,2025-SeasonA-Day2
0.4932578206062317,0.49316921830177307,0.902238130569458,0.4931640625,0.2804194986820221,1024,224,224,63,0.5356512069702148,2025-SeasonA-Day2
0.5028507113456726,0.513422966003418,0.9046795964241028,0.5205078125,0.27872946858406067,1024,0,0,0,0.3627980649471283,2025-SeasonA-Day3
0.5069736242294312,0.513333797454834,0.8921051621437073,0.513671875,0.2787316143512726,1024,0,32,1,0.35853296518325806,2025-SeasonA-Day3
0.49718570709228516,0.49774038791656494,0.8970173001289368,0.49609375,0.2811172306537628,1024,0,64,2,0.36380133032798767,2025-SeasonA-Day3
0.49913179874420166,0.499031662940979,0.8939121961593628,0.4990234375,0.27555665373802185,1024,0,96,3,0.35997533798217773,2025-SeasonA-Day3
0.48860204219818115,0.4814006984233856,0.8788021802902222,0.474609375,0.27823689579963684,1024,0,128,4,0.36433324217796326,2025-SeasonA-Day3
0.4947229027748108,0.4881817698478699,0.8892779350280762,0.4853515625,0.283814013004303,1024,0,160,5,0.36194896697998047,2025-SeasonA-Day3
0.5060288310050964,0.5161665678024292,0.898582935333252,0.5185546875,0.2820502519607544,1024,0,192,6,0.36173561215400696,2025-SeasonA-Day3
0.4892781972885132,0.5012769103050232,0.870634138584137,0.50390625,0.2736949920654297,1024,0,224,7,0.3616681694984436,2025-SeasonA-Day3
0.512601375579834,0.5172086954116821,0.8812102675437927,0.521484375,0.27717798948287964,1024,32,0,8,0.36295342445373535,2025-SeasonA-Day3
0.48764219880104065,0.4874064326286316,0.8727333545684814,0.4833984375,0.27149999141693115,1024,32,32,9,0.36480069160461426,2025-SeasonA-Day3
0.4961972236633301,0.5002115964889526,0.8809988498687744,0.5,0.2734856903553009,1024,32,64,10,0.36153674125671387,2025-SeasonA-Day3
0.48984357714653015,0.4866313934326172,0.8995923399925232,0.4814453125,0.281526654958725,1024,32,96,11,0.36306139826774597,2025-SeasonA-Day3
0.5106238126754761,0.5161041021347046,0.9099723100662231,0.517578125,0.2901512086391449,1024,32,128,12,0.3629045784473419,2025-SeasonA-Day3
0.4978472888469696,0.5081533193588257,0.9029672741889954,0.51171875,0.2824419438838959,1024,32,160,13,0.36175328493118286,2025-SeasonA-Day3
0.4885231554508209,0.4971649646759033,0.8713420033454895,0.49609375,0.27527379989624023,1024,32,192,14,0.3623594641685486,2025-SeasonA-Day3
0.49871131777763367,0.4954834580421448,0.8981384038925171,0.4912109375,0.2790761888027191,1024,32,224,15,0.35969871282577515,2025-SeasonA-Day3
0.507181704044342,0.5118333697319031,0.8775076270103455,0.5126953125,0.2727377116680145,1024,64,0,16,0.36089321970939636,2025-SeasonA-Day3
0.4861852824687958,0.4856796860694885,0.8704532980918884,0.4697265625,0.2760142385959625,1024,64,32,17,0.36207038164138794,2025-SeasonA-Day3
0.49944642186164856,0.5027366876602173,0.8926727175712585,0.501953125,0.27788102626800537,1024,64,64,18,0.3628841042518616,2025-SeasonA-Day3
0.4754237234592438,0.45468294620513916,0.8913886547088623,0.4609375,0.2865579426288605,1024,64,96,19,0.3607325553894043,2025-SeasonA-Day3
0.4901103675365448,0.4831393361091614,0.8762941360473633,0.4794921875,0.27851054072380066,1024,64,128,20,0.360903799533844,2025-SeasonA-Day3
0.499747633934021,0.502495527267456,0.8953685164451599,0.50390625,0.2796282470226288,1024,64,160,21,0.3613182306289673,2025-SeasonA-Day3
0.497222900390625,0.49495261907577515,0.9148625135421753,0.49609375,0.2800597548484802,1024,64,192,22,0.3629146218299866,2025-SeasonA-Day3
0.49535173177719116,0.5074787139892578,0.8757333159446716,0.509765625,0.2778077721595764,1024,64,224,23,0.3624880313873291,2025-SeasonA-Day3
0.49725601077079773,0.4974227547645569,0.8907520174980164,0.498046875,0.2719554305076599,1024,96,0,24,0.36107563972473145,2025-SeasonA-Day3
0.5158084630966187,0.5268605947494507,0.8872058391571045,0.53515625,0.2713346779346466,1024,96,32,25,0.3632116913795471,2025-SeasonA-Day3
0.49922823905944824,0.49723362922668457,0.872589111328125,0.49609375,0.27211248874664307,1024,96,64,26,0.3633621633052826,2025-SeasonA-Day3
0.4924497604370117,0.487009733915329,0.8980449438095093,0.484375,0.27816373109817505,1024,96,96,27,0.36198046803474426,2025-SeasonA-Day3
0.49790555238723755,0.5067588090896606,0.881328821182251,0.5126953125,0.2806049883365631,1024,96,128,28,0.3640138804912567,2025-SeasonA-Day3
0.5075770616531372,0.5085435509681702,0.8961657285690308,0.509765625,0.2790798246860504,1024,96,160,29,0.3602861762046814,2025-SeasonA-Day3
0.499721884727478,0.4846647381782532,0.8985643982887268,0.4775390625,0.27609121799468994,1024,96,192,30,0.36410829424858093,2025-SeasonA-Day3
0.49503082036972046,0.49774765968322754,0.8862561583518982,0.4970703125,0.2782420814037323,1024,96,224,31,0.36370885372161865,2025-SeasonA-Day3
0.4799618124961853,0.47701382637023926,0.8470407724380493,0.4638671875,0.2750040888786316,1024,128,0,32,0.3628236651420593,2025-SeasonA-Day3
0.5014395117759705,0.4900256395339966,0.9010953903198242,0.4892578125,0.2790854275226593,1024,128,32,33,0.36292773485183716,2025-SeasonA-Day3
0.5046796798706055,0.49613773822784424,0.9039844870567322,0.4931640625,0.2797633409500122,1024,128,64,34,0.36217185854911804,2025-SeasonA-Day3
0.49597063660621643,0.49914637207984924,0.8631959557533264,0.4970703125,0.2727316617965698,1024,128,96,35,0.36199361085891724,2025-SeasonA-Day3
0.48588526248931885,0.49150118231773376,0.8691366314888,0.490234375,0.2806333899497986,1024,128,128,36,0.36254051327705383,2025-SeasonA-Day3
0.48591285943984985,0.4902164041996002,0.8618114590644836,0.482421875,0.27609312534332275,1024,128,160,37,0.360918253660202,2025-SeasonA-Day3
0.4884616434574127,0.47617483139038086,0.872829258441925,0.46875,0.2727072238922119,1024,128,192,38,0.3637389540672302,2025-SeasonA-Day3
0.5044226050376892,0.492127925157547,0.921525239944458,0.48828125,0.279755562543869,1024,128,224,39,0.3619908392429352,2025-SeasonA-Day3
0.5061555504798889,0.5073433518409729,0.9164947867393494,0.5087890625,0.2783374488353729,1024,160,0,40,0.36015284061431885,2025-SeasonA-Day3
0.4844851791858673,0.4795241355895996,0.8644282817840576,0.48046875,0.27249082922935486,1024,160,32,41,0.3612120747566223,2025-SeasonA-Day3
0.50341796875,0.5114463567733765,0.8923779726028442,0.51171875,0.2699092626571655,1024,160,64,42,0.36368346214294434,2025-SeasonA-Day3
0.5056573748588562,0.5086051225662231,0.8894323110580444,0.509765625,0.2755042016506195,1024,160,96,43,0.36196404695510864,2025-SeasonA-Day3
0.49259287118911743,0.502543032169342,0.8779162764549255,0.5048828125,0.27711221575737,1024,160,128,44,0.3603159189224243,2025-SeasonA-Day3
0.49914175271987915,0.49733439087867737,0.906906247138977,0.49609375,0.2812052369117737,1024,160,160,45,0.3618638813495636,2025-SeasonA-Day3
0.5077493786811829,0.5144185423851013,0.8868607878684998,0.5234375,0.2756395637989044,1024,160,192,46,0.3620554208755493,2025-SeasonA-Day3
0.49410852789878845,0.49946117401123047,0.8839298486709595,0.4990234375,0.27685901522636414,1024,160,224,47,0.3621025085449219,2025-SeasonA-Day3
0.5006517171859741,0.49944448471069336,0.8901767134666443,0.5,0.2791769802570343,1024,192,0,48,0.36068499088287354,2025-SeasonA-Day3
0.5118780136108398,0.5301041007041931,0.8902121782302856,0.541015625,0.27485719323158264,1024,192,32,49,0.359862744808197,2025-SeasonA-Day3
0.48544883728027344,0.47627896070480347,0.8924888968467712,0.4755859375,0.28288260102272034,1024,192,64,50,0.3628808856010437,2025-SeasonA-Day3
0.504040002822876,0.5022820234298706,0.8908458352088928,0.5078125,0.28039538860321045,1024,192,96,51,0.36092761158943176,2025-SeasonA-Day3
0.5044848918914795,0.49555641412734985,0.8998062014579773,0.4951171875,0.2751350402832031,1024,192,128,52,0.36162906885147095,2025-SeasonA-Day3
0.49379026889801025,0.49118515849113464,0.8924145102500916,0.4853515625,0.2782021462917328,1024,192,160,53,0.36217498779296875,2025-SeasonA-Day3
0.4913632273674011,0.4836519956588745,0.8959483504295349,0.47265625,0.276436448097229,1024,192,192,54,0.3636714220046997,2025-SeasonA-Day3
0.5065715312957764,0.502754271030426,0.8997933268547058,0.501953125,0.2802509069442749,1024,192,224,55,0.3593636751174927,2025-SeasonA-Day3
0.49307873845100403,0.5040007829666138,0.8732075095176697,0.5068359375,0.27454352378845215,1024,224,0,56,0.3656366467475891,2025-SeasonA-Day3
0.5017611980438232,0.4977950155735016,0.8959200382232666,0.4970703125,0.2744190990924835,1024,224,32,57,0.36416035890579224,2025-SeasonA-Day3
0.5176405310630798,0.516893208026886,0.9337149262428284,0.5244140625,0.2778359055519104,1024,224,64,58,0.3622342646121979,2025-SeasonA-Day3
0.510162889957428,0.5217863321304321,0.8905571103096008,0.525390625,0.27743086218833923,1024,224,96,59,0.3602573275566101,2025-SeasonA-Day3
0.5065152645111084,0.5233343243598938,0.8687945604324341,0.5224609375,0.27158012986183167,1024,224,128,60,0.3630850315093994,2025-SeasonA-Day3
0.49259039759635925,0.4738883674144745,0.9151597619056702,0.462890625,0.2803846299648285,1024,224,160,61,0.3618878722190857,2025-SeasonA-Day3
0.5060602426528931,0.49416080117225647,0.9116572737693787,0.4921875,0.2827049493789673,1024,224,192,62,0.36209264397621155,2025-SeasonA-Day3
0.5097327828407288,0.5116275548934937,0.922895610332489,0.5126953125,0.27924373745918274,1024,224,224,63,0.3625669479370117,2025-SeasonA-Day3
0.5029399394989014,0.5077822208404541,0.8923358917236328,0.5068359375,0.2766347825527191,1024,0,0,0,0.05000000819563866,2025-SeasonA-Day4
0.510863721370697,0.5198766589164734,0.9034941792488098,0.51953125,0.2778412401676178,1024,0,32,1,0.05000000819563866,2025-SeasonA-Day4
0.4971688985824585,0.49370670318603516,0.9053727984428406,0.4931640625,0.28621453046798706,1024,0,64,2,0.05000000819563866,2025-SeasonA-Day4
0.5152806639671326,0.5287665724754333,0.9341146945953369,0.525390625,0.2911786139011383,1024,0,96,3,0.05000000819563866,2025-SeasonA-Day4
0.5028135776519775,0.49240607023239136,0.9108975529670715,0.4853515625,0.27831995487213135,1024,0,128,4,0.05000000819563866,2025-SeasonA-Day4
0.4929831027984619,0.49138158559799194,0.857568621635437,0.4892578125,0.270948588848114,1024,0,160,5,0.05000000819563866,2025-SeasonA-Day4
0.5046443939208984,0.5067824125289917,0.9022592902183533,0.5078125,0.278483510017395,1024,0,192,6,0.05000000819563866,2025-SeasonA-Day4
0.5018733739852905,0.5005862712860107,0.8736050128936768,0.5009765625,0.27299025654792786,1024,0,224,7,0.05000000819563866,2025-SeasonA-Day4
0.4974784255027771,0.5080429315567017,0.8762081861495972,0.5126953125,0.28033220767974854,1024,32,0,8,0.05000000819563866,2025-SeasonA-Day4
0.509353756904602,0.5170177221298218,0.8779639601707458,0.5205078125,0.2645406126976013,1024,32,32,9,0.05000000819563866,2025-SeasonA-Day4
0.4759194850921631,0.47520318627357483,0.8611592650413513,0.47265625,0.277911901473999,1024,32,64,10,0.05000000819563866,2025-SeasonA-Day4
0.5028798580169678,0.5078577995300293,0.8833789825439453,0.5107421875,0.277913361787796,1024,32,96,11,0.05000000819563866,2025-SeasonA-Day4
0.4953495264053345,0.49616754055023193,0.8829565048217773,0.49609375,0.2746239900588989,1024,32,128,12,0.05000000819563866,2025-SeasonA-Day4
0.5014644861221313,0.5004104375839233,0.8865838050842285,0.5009765625,0.27487075328826904,1024,32,160,13,0.05000000819563866,2025-SeasonA-Day4
0.498645156621933,0.5027586221694946,0.8697346448898315,0.505859375,0.2698468565940857,1024,32,192,14,0.05000000819563866,2025-SeasonA-Day4
0.4965253472328186,0.4859353005886078,0.9142065644264221,0.478515625,0.2837657034397125,1024,32,224,15,0.05000000819563866,2025-SeasonA-Day4
0.4913429021835327,0.4850759506225586,0.8878661394119263,0.4765625,0.28350815176963806,1024,64,0,16,0.05000000819563866,2025-SeasonA-Day4
0.5017116069793701,0.5095117092132568,0.9017288684844971,0.5087890625,0.2859789729118347,1024,64,32,17,0.05000000819563866,2025-SeasonA-Day4
0.49803870916366577,0.4971827268600464,0.8783074021339417,0.4931640625,0.2759694457054138,1024,64,64,18,0.05000000819563866,2025-SeasonA-Day4
0.5045632123947144,0.5078824758529663,0.8746131658554077,0.515625,0.269391804933548,1024,64,96,19,0.05000000819563866,2025-SeasonA-Day4
0.49952462315559387,0.5044264793395996,0.8896951079368591,0.5087890625,0.27742084860801697,1024,64,128,20,0.05000000819563866,2025-SeasonA-Day4
0.49667537212371826,0.4909372329711914,0.8919313549995422,0.4912109375,0.27804672718048096,1024,64,160,21,0.05000000819563866,2025-SeasonA-Day4
0.4965037405490875,0.5022310018539429,0.8774807453155518,0.50390625,0.27366527915000916,1024,64,192,22,0.05000000819563866,2025-SeasonA-Day4
0.4967544674873352,0.49532821774482727,0.9060448408126831,0.4990234375,0.2805212736129761,1024,64,224,23,0.05000000819563866,2025-SeasonA-Day4
0.4913927912712097,0.49858519434928894,0.8815518617630005,0.4970703125,0.2796143889427185,1024,96,0,24,0.05000000819563866,2025-SeasonA-Day4
0.4906039535999298,0.5060433745384216,0.8472968935966492,0.509765625,0.27382194995880127,1024,96,32,25,0.05000000819563866,2025-SeasonA-Day4
0.5060172080993652,0.48383548855781555,0.9132302403450012,0.4833984375,0.27668607234954834,1024,96,64,26,0.05000000819563866,2025-SeasonA-Day4
0.5017403960227966,0.490852415561676,0.9115557074546814,0.4921875,0.2794763743877411,1024,96,96,27,0.05000000819563866,2025-SeasonA-Day4
0.5073786973953247,0.49995219707489014,0.9086135029792786,0.5,0.27525874972343445,1024,96,128,28,0.05000000819563866,2025-SeasonA-Day4
0.49892401695251465,0.49241068959236145,0.8911324739456177,0.4921875,0.2774631679058075,1024,96,160,29,0.05000000819563866,2025-SeasonA-Day4
0.5023300647735596,0.5166752338409424,0.868925154209137,0.5205078125,0.26872479915618896,1024,96,192,30,0.05000000819563866,2025-SeasonA-Day4
0.4980560541152954,0.5090473294258118,0.8598681092262268,0.513671875,0.27136290073394775,1024,96,224,31,0.05000000819563866,2025-SeasonA-Day4
0.49483180046081543,0.48879268765449524,0.8968290686607361,0.4892578125,0.2840990126132965,1024,128,0,32,0.05000000819563866,2025-SeasonA-Day4
0.4958687126636505,0.5052379965782166,0.9065375924110413,0.5078125,0.2855480909347534,1024,128,32,33,0.05000000819563866,2025-SeasonA-Day4
0.5088409185409546,0.5047180652618408,0.881891667842865,0.5078125,0.263974666595459,1024,128,64,34,0.05000000819563866,2025-SeasonA-Day4
0.48373186588287354,0.48233428597450256,0.8652066588401794,0.48046875,0.27449703216552734,1024,128,96,35,0.05000000819563866,2025-SeasonA-Day4
0.5108551979064941,0.5029900670051575,0.8995553255081177,0.5048828125,0.2750585675239563,1024,128,128,36,0.05000000819563866,2025-SeasonA-Day4
0.48005759716033936,0.4785265326499939,0.8428469300270081,0.4677734375,0.2643228769302368,1024,128,160,37,0.05000000819563866,2025-SeasonA-Day4
0.5075985193252563,0.5085597634315491,0.9043246507644653,0.5048828125,0.28215956687927246,1024,128,192,38,0.05000000819563866,2025-SeasonA-Day4
0.49829232692718506,0.5002036690711975,0.8736713528633118,0.501953125,0.27611568570137024,1024,128,224,39,0.05000000819563866,2025-SeasonA-Day4
0.5094999074935913,0.5112613439559937,0.9108416438102722,0.5166015625,0.2790805995464325,1024,160,0,40,0.05000000819563866,2025-SeasonA-Day4
0.5132676362991333,0.5195525884628296,0.894880473613739,0.5263671875,0.27708709239959717,1024,160,32,41,0.05000000819563866,2025-SeasonA-Day4
0.4988890290260315,0.4958527982234955,0.9037123918533325,0.4951171875,0.27563029527664185,1024,160,64,42,0.05000000819563866,2025-SeasonA-Day4
0.49945005774497986,0.5081262588500977,0.8995429873466492,0.5068359375,0.28551432490348816,1024,160,96,43,0.05000000819563866,2025-SeasonA-Day4
0.49454841017723083,0.49932730197906494,0.8945390582084656,0.5,0.28358936309814453,1024,160,128,44,0.05000000819563866,2025-SeasonA-Day4
0.51645827293396,0.5111486911773682,0.8988489508628845,0.513671875,0.2722136974334717,1024,160,160,45,0.05000000819563866,2025-SeasonA-Day4
0.5056098699569702,0.5096505880355835,0.8935028910636902,0.51171875,0.278331995010376,1024,160,192,46,0.05000000819563866,2025-SeasonA-Day4
0.5007288455963135,0.493430495262146,0.8965168595314026,0.48828125,0.276740700006485,1024,160,224,47,0.05000000819563866,2025-SeasonA-Day4
0.49674129486083984,0.499108225107193,0.8898624181747437,0.4970703125,0.2764955461025238,1024,192,0,48,0.05000000819563866,2025-SeasonA-Day4
0.4909724295139313,0.4811570644378662,0.8928235173225403,0.4765625,0.2714301645755768,1024,192,32,49,0.05000000819563866,2025-SeasonA-Day4
0.5029059052467346,0.5019656419754028,0.9012928605079651,0.50390625,0.27468574047088623,1024,192,64,50,0.05000000819563866,2025-SeasonA-Day4
0.501899242401123,0.5013021230697632,0.8942956924438477,0.5009765625,0.2819146513938904,1024,192,96,51,0.05000000819563866,2025-SeasonA-Day4
0.48971420526504517,0.4946632385253906,0.866862416267395,0.4931640625,0.2711992561817169,1024,192,128,52,0.05000000819563866,2025-SeasonA-Day4
0.49078473448753357,0.4947311282157898,0.8507538437843323,0.4912109375,0.2699531614780426,1024,192,160,53,0.05000000819563866,2025-SeasonA-Day4
0.5147784948348999,0.507489025592804,0.9277877807617188,0.5078125,0.2777664363384247,1024,192,192,54,0.05000000819563866,2025-SeasonA-Day4
0.5018841624259949,0.49727222323417664,0.9051126837730408,0.4951171875,0.28169330954551697,1024,192,224,55,0.05000000819563866,2025-SeasonA-Day4
0.5118945837020874,0.5126159191131592,0.9251623153686523,0.5166015625,0.27664652466773987,1024,224,0,56,0.05000000819563866,2025-SeasonA-Day4
0.5120586156845093,0.5164638757705688,0.8853668570518494,0.5244140625,0.271905779838562,1024,224,32,57,0.05000000819563866,2025-SeasonA-Day4
0.48731356859207153,0.4866234064102173,0.8797785639762878,0.482421875,0.28046751022338867,1024,224,64,58,0.05000000819563866,2025-SeasonA-Day4
0.49783313274383545,0.49485456943511963,0.9066718220710754,0.4921875,0.2834433913230896,1024,224,96,59,0.05000000819563866,2025-SeasonA-Day4
0.5162398815155029,0.5180514454841614,0.925738513469696,0.5234375,0.2835862934589386,1024,224,128,60,0.05000000819563866,2025-SeasonA-Day4
0.49334704875946045,0.4914170801639557,0.8883544206619263,0.4853515625,0.2800615131855011,1024,224,160,61,0.05000000819563866,2025-SeasonA-Day4
0.4917111396789551,0.49096348881721497,0.8853753805160522,0.4853515625,0.27472537755966187,1024,224,192,62,0.05000000819563866,2025-SeasonA-Day4
0.49946194887161255,0.4867684543132782,0.8877585530281067,0.4873046875,0.2767147123813629,1024,224,224,63,0.05000000819563866,2025-SeasonA-Day4
0.5033566355705261,0.4943387508392334,0.8999078869819641,0.494140625,0.2802848815917969,1024,0,0,0,0.10299579799175262,2025-SeasonA-Day5
0.49138155579566956,0.48393064737319946,0.8896914720535278,0.484375,0.28070053458213806,1024,0,32,1,0.10106894373893738,2025-SeasonA-Day5
0.5015192031860352,0.49574118852615356,0.9089794754981995,0.4921875,0.28464260697364807,1024,0,64,2,0.10368095338344574,2025-SeasonA-Day5
0.49411335587501526,0.49562156200408936,0.8850708603858948,0.494140625,0.280590295791626,1024,0,96,3,0.10118407011032104,2025-SeasonA-Day5
0.5005014538764954,0.4947242736816406,0.9203953742980957,0.494140625,0.2913415729999542,1024,0,128,4,0.10223234444856644,2025-SeasonA-Day5
0.4984254240989685,0.4953935146331787,0.887437105178833,0.4951171875,0.27594155073165894,1024,0,160,5,0.10491586476564407,2025-SeasonA-Day5
0.5015389323234558,0.501883864402771,0.8730181455612183,0.5009765625,0.2744699716567993,1024,0,192,6,0.10405141115188599,2025-SeasonA-Day5
0.48667600750923157,0.48354291915893555,0.8738515973091125,0.4736328125,0.2798420190811157,1024,0,224,7,0.10268613696098328,2025-SeasonA-Day5
0.49022185802459717,0.5022629499435425,0.8929311037063599,0.5068359375,0.28372156620025635,1024,32,0,8,0.10455634444952011,2025-SeasonA-Day5
0.5136330127716064,0.5126957893371582,0.9051091074943542,0.51953125,0.28194016218185425,1024,32,32,9,0.1032223328948021,2025-SeasonA-Day5
0.49563848972320557,0.4953003227710724,0.9049317836761475,0.4951171875,0.28563618659973145,1024,32,64,10,0.10343006253242493,2025-SeasonA-Day5
0.4947989284992218,0.4889974892139435,0.8771014213562012,0.4853515625,0.27417299151420593,1024,32,96,11,0.1038990318775177,2025-SeasonA-Day5
0.4985472559928894,0.5085293054580688,0.8793928027153015,0.51171875,0.2788514792919159,1024,32,128,12,0.10204719007015228,2025-SeasonA-Day5
0.5055234432220459,0.5026193261146545,0.8866444826126099,0.50390625,0.2720823585987091,1024,32,160,13,0.1029813140630722,2025-SeasonA-Day5
0.4962485432624817,0.4964936375617981,0.8855296969413757,0.494140625,0.27895402908325195,1024,32,192,14,0.10350336134433746,2025-SeasonA-Day5
0.4694007337093353,0.4571171998977661,0.8778597712516785,0.4365234375,0.28507092595100403,1024,32,224,15,0.1036485880613327,2025-SeasonA-Day5
0.5020381808280945,0.5086814165115356,0.8799222111701965,0.515625,0.273237943649292,1024,64,0,16,0.10412415862083435,2025-SeasonA-Day5
0.49336498975753784,0.4939503073692322,0.8892241716384888,0.4921875,0.28016212582588196,1024,64,32,17,0.10302270203828812,2025-SeasonA-Day5
0.5066964626312256,0.5063469409942627,0.8948031067848206,0.509765625,0.27592405676841736,1024,64,64,18,0.10263636708259583,2025-SeasonA-Day5
0.5158824324607849,0.508861780166626,0.9231076240539551,0.515625,0.2833136022090912,1024,64,96,19,0.10034799575805664,2025-SeasonA-Day5
0.4988563060760498,0.4920148253440857,0.8851292729377747,0.4892578125,0.27511605620384216,1024,64,128,20,0.10360896587371826,2025-SeasonA-Day5
0.49452611804008484,0.4985784590244293,0.8761944770812988,0.498046875,0.2812711000442505,1024,64,160,21,0.10203060507774353,2025-SeasonA-Day5
0.5069637894630432,0.5129279494285583,0.9129111170768738,0.5166015625,0.28773370385169983,1024,64,192,22,0.10078888386487961,2025-SeasonA-Day5
0.48742184042930603,0.4992142915725708,0.857234001159668,0.4990234375,0.2719131410121918,1024,64,224,23,0.1014058068394661,2025-SeasonA-Day5
0.48911023139953613,0.4858475923538208,0.8485646843910217,0.4794921875,0.2683890163898468,1024,96,0,24,0.10282694548368454,2025-SeasonA-Day5
0.49447739124298096,0.5047232508659363,0.8766751289367676,0.501953125,0.27520713210105896,1024,96,32,25,0.10282865911722183,2025-SeasonA-Day5
0.49274879693984985,0.5133692026138306,0.8723524808883667,0.5166015625,0.2724245488643646,1024,96,64,26,0.10288606584072113,2025-SeasonA-Day5
0.49081307649612427,0.4845511317253113,0.8769270777702332,0.4814453125,0.27738744020462036,1024,96,96,27,0.10238742083311081,2025-SeasonA-Day5
0.5012248158454895,0.5044721961021423,0.8970969319343567,0.5087890625,0.28074532747268677,1024,96,128,28,0.10213500261306763,2025-SeasonA-Day5
0.4929490387439728,0.4936383068561554,0.8712629675865173,0.4951171875,0.27037811279296875,1024,96,160,29,0.10310407727956772,2025-SeasonA-Day5
0.5024115443229675,0.5041974186897278,0.8830194473266602,0.5087890625,0.2742111086845398,1024,96,192,30,0.10383116453886032,2025-SeasonA-Day5
0.5019627809524536,0.5105687379837036,0.8968475461006165,0.51171875,0.2793569266796112,1024,96,224,31,0.10267382860183716,2025-SeasonA-Day5
0.5042626857757568,0.5143778920173645,0.9007949233055115,0.5205078125,0.28212499618530273,1024,128,0,32,0.10227158665657043,2025-SeasonA-Day5
0.501806914806366,0.4961845278739929,0.9052891731262207,0.4951171875,0.2798137366771698,1024,128,32,33,0.10220745205879211,2025-SeasonA-Day5
0.4961141347885132,0.5006637573242188,0.8987584114074707,0.501953125,0.2868454158306122,1024,128,64,34,0.10491935163736343,2025-SeasonA-Day5
0.4848650097846985,0.4849565625190735,0.8795561790466309,0.48046875,0.2852698862552643,1024,128,96,35,0.10093651711940765,2025-SeasonA-Day5
0.5089191198348999,0.5117119550704956,0.8973012566566467,0.5185546875,0.2826789319515228,1024,128,128,36,0.10193680971860886,2025-SeasonA-Day5
0.4892008304595947,0.4871809482574463,0.8874009847640991,0.4765625,0.27747443318367004,1024,128,160,37,0.10540652275085449,2025-SeasonA-Day5
0.5025211572647095,0.49244844913482666,0.918441653251648,0.4921875,0.28529849648475647,1024,128,192,38,0.1036861464381218,2025-SeasonA-Day5
0.5021717548370361,0.5089231729507446,0.895235002040863,0.5107421875,0.2802644371986389,1024,128,224,39,0.10318044573068619,2025-SeasonA-Day5
0.5187925696372986,0.5174404382705688,0.8920321464538574,0.52734375,0.2696813642978668,1024,160,0,40,0.10314707458019257,2025-SeasonA-Day5
0.49562549591064453,0.4941450357437134,0.8858970403671265,0.4912109375,0.275201678276062,1024,160,32,41,0.1026114672422409,2025-SeasonA-Day5
0.4965190291404724,0.5060268640518188,0.8861239552497864,0.51171875,0.2814253270626068,1024,160,64,42,0.10088278353214264,2025-SeasonA-Day5
0.5030605792999268,0.5038361549377441,0.9130567312240601,0.509765625,0.2861028015613556,1024,160,96,43,0.10189022123813629,2025-SeasonA-Day5
0.4930049180984497,0.5009280443191528,0.8689645528793335,0.5029296875,0.27204298973083496,1024,160,128,44,0.10465289652347565,2025-SeasonA-Day5
0.49782466888427734,0.5002886056900024,0.8800786137580872,0.5,0.2813616991043091,1024,160,160,45,0.10363411158323288,2025-SeasonA-Day5
0.5022523999214172,0.5063815116882324,0.8758400678634644,0.5078125,0.2772243022918701,1024,160,192,46,0.10141965746879578,2025-SeasonA-Day5
0.5024725198745728,0.505923867225647,0.894249439239502,0.5078125,0.27537283301353455,1024,160,224,47,0.10239653289318085,2025-SeasonA-Day5
0.4929077625274658,0.49258658289909363,0.8841164708137512,0.4921875,0.273466020822525,1024,192,0,48,0.10168281197547913,2025-SeasonA-Day5
0.48195433616638184,0.4846460223197937,0.8812049031257629,0.484375,0.279151052236557,1024,192,32,49,0.10389935970306396,2025-SeasonA-Day5
0.5036632418632507,0.5114042162895203,0.917398989200592,0.5078125,0.2923378348350525,1024,192,64,50,0.10313211381435394,2025-SeasonA-Day5
0.49441707134246826,0.48856472969055176,0.8930031061172485,0.482421875,0.27785611152648926,1024,192,96,51,0.10174063593149185,2025-SeasonA-Day5
0.48998475074768066,0.48500698804855347,0.8774152994155884,0.4765625,0.27789023518562317,1024,192,128,52,0.10051041841506958,2025-SeasonA-Day5
0.49498575925827026,0.49121594429016113,0.9023882150650024,0.4853515625,0.2825224995613098,1024,192,160,53,0.10242888331413269,2025-SeasonA-Day5
0.5042033791542053,0.5056130886077881,0.8855587244033813,0.5078125,0.26975905895233154,1024,192,192,54,0.10057933628559113,2025-SeasonA-Day5
0.4962485432624817,0.49955058097839355,0.8843666911125183,0.4990234375,0.2793467938899994,1024,192,224,55,0.10148103535175323,2025-SeasonA-Day5
0.5050365924835205,0.4898810386657715,0.9073548913002014,0.490234375,0.2815633714199066,1024,224,0,56,0.10215103626251221,2025-SeasonA-Day5
0.47849124670028687,0.472797691822052,0.9021005034446716,0.4638671875,0.2835756838321686,1024,224,32,57,0.10203629732131958,2025-SeasonA-Day5
0.48919492959976196,0.4829387664794922,0.8901288509368896,0.4755859375,0.2786622941493988,1024,224,64,58,0.1052297055721283,2025-SeasonA-Day5
0.4778091311454773,0.482451856136322,0.8805592656135559,0.4794921875,0.2857224941253662,1024,224,96,59,0.10388298332691193,2025-SeasonA-Day5
0.49776411056518555,0.5031384825706482,0.8718487620353699,0.5029296875,0.27604663372039795,1024,224,128,60,0.1049908995628357,2025-SeasonA-Day5
0.4821220338344574,0.49655675888061523,0.8335385918617249,0.49609375,0.2747477889060974,1024,224,160,61,0.10225969552993774,2025-SeasonA-Day5
0.4959496855735779,0.4917057156562805,0.9185692071914673,0.494140625,0.28763672709465027,1024,224,192,62,0.10115869343280792,2025-SeasonA-Day5
0.4957619309425354,0.48951423168182373,0.9049279093742371,0.4912109375,0.28626006841659546,1024,224,224,63,0.10265163332223892,2025-SeasonA-Day5
